Date,Name,Year,Letterboxd URI,Rating,Country,Genre
2022-03-09,Knives Out,2019,https://boxd.it/jWEA,4.5,America
2022-03-09,Pulp Fiction,1994,https://boxd.it/29Pq,3.5,America
2022-03-09,Inception,2010,https://boxd.it/1skk
2022-03-09,Spider-Man: Into the Spider-Verse,2018,https://boxd.it/azpY
2022-03-09,The Dark Knight,2008,https://boxd.it/2b0k
2022-03-09,Once Upon a Time... in Hollywood,2019,https://boxd.it/gH0O
2022-03-09,Interstellar,2014,https://boxd.it/4VZ8
2022-03-09,Spider-Man: No Way Home,2021,https://boxd.it/nwRw
2022-03-09,The Wolf of Wall Street,2013,https://boxd.it/3C1m
2022-03-09,Inglourious Basterds,2009,https://boxd.it/1JzG
2022-03-09,Baby Driver,2017,https://boxd.it/bhF2
2022-03-09,The Social Network,2010,https://boxd.it/17ue
2022-03-09,Django Unchained,2012,https://boxd.it/2cCk
2022-03-09,The Truman Show,1998,https://boxd.it/18U8
2022-03-09,Forrest Gump,1994,https://boxd.it/728
2022-03-09,American Psycho,2000,https://boxd.it/28Vs
2022-03-09,Dunkirk,2017,https://boxd.it/d0Y6
2022-03-09,Us,2019,https://boxd.it/gnV6
2022-03-09,The Shawshank Redemption,1994,https://boxd.it/2aHi
2022-03-09,Iron Man,2008,https://boxd.it/28dA
2022-03-09,Zodiac,2007,https://boxd.it/27MO
2022-03-09,The Dark Knight Rises,2012,https://boxd.it/H3m
2022-03-09,Bohemian Rhapsody,2018,https://boxd.it/f1TK
2022-03-09,The Martian,2015,https://boxd.it/8SeG
2022-03-09,Dead Poets Society,1989,https://boxd.it/2aSg
2022-03-09,Batman Begins,2005,https://boxd.it/2aIg
2022-03-09,The Irishman,2019,https://boxd.it/dYOq
2022-03-09,Catch Me If You Can,2002,https://boxd.it/29VS
2022-03-09,Prisoners,2013,https://boxd.it/4E5i
2022-03-09,The Batman,2022,https://boxd.it/eDGs
2022-03-09,Superbad,2007,https://boxd.it/20hO
2022-03-09,Mean Girls,2004,https://boxd.it/1VNg
2022-03-09,The Amazing Spider-Man,2012,https://boxd.it/27PI
2022-03-09,The Great Gatsby,2013,https://boxd.it/JY
2022-03-09,Pirates of the Caribbean: The Curse of the Black Pearl,2003,https://boxd.it/70G
2022-03-09,Gladiator,2000,https://boxd.it/2b9m
2022-03-09,Green Book,2018,https://boxd.it/hErk
2022-03-09,Squid Game,2021,https://boxd.it/x1OG
2022-03-09,Batman v Superman: Dawn of Justice,2016,https://boxd.it/6fBW
2022-03-09,Ford v Ferrari,2019,https://boxd.it/ce74
2022-03-09,Bird Box,2018,https://boxd.it/eh1i
2022-03-09,Groundhog Day,1993,https://boxd.it/2b3e
2022-03-09,The Green Mile,1999,https://boxd.it/2agG
2022-03-10,Don't Look Up,2021,https://boxd.it/o0Hc
2022-03-10,Creed,2015,https://boxd.it/a2qk
2022-03-10,Hush,2016,https://boxd.it/d5ys
2022-03-18,The Adam Project,2022,https://boxd.it/q2Dg
2022-04-03,X,2022,https://boxd.it/sxVa
2022-04-20,Dune,2021,https://boxd.it/fA7G
2022-04-20,The Batman/Superman Movie: World's Finest,1997,https://boxd.it/1Jga
2022-04-20,3:10 to Yuma,2007,https://boxd.it/23g0
2022-04-20,(500) Days of Summer,2009,https://boxd.it/1EmM
2022-04-20,Wedding Crashers,2005,https://boxd.it/1Yte
2022-06-18,Top Gun: Maverick,2022,https://boxd.it/cjr4
2022-06-18,Hustle,2022,https://boxd.it/qpig
2022-06-18,Top Gun,1986,https://boxd.it/29JC
2022-06-18,Whiplash,2014,https://boxd.it/7bQA
2022-06-18,Fight Club,1999,https://boxd.it/2a9q
2023-02-23,Babylon,2022,https://boxd.it/mM02
2023-02-23,The King,2019,https://boxd.it/ieZs
2023-02-23,Glass Onion,2022,https://boxd.it/oCkK
2023-03-12,Jesus Revolution,2023,https://boxd.it/qWO0
2023-05-15,The Platform,2019,https://boxd.it/mUm6
2023-05-15,Rim of the World,2019,https://boxd.it/jk4k
2023-05-15,Step Brothers,2008,https://boxd.it/1SsE
2023-05-15,Dinner for Schmucks,2010,https://boxd.it/15dA
2023-05-15,Jerry Maguire,1996,https://boxd.it/1YNS
2023-05-15,Incredibles 2,2018,https://boxd.it/7IPg
2023-05-15,Turbo,2013,https://boxd.it/2Hzw
2023-05-15,Bolt,2008,https://boxd.it/1QXg
2023-05-15,The Pursuit of Happyness,2006,https://boxd.it/28PE
2023-05-15,To All the Boys I've Loved Before,2018,https://boxd.it/gHec
2023-05-15,Ferris Bueller's Day Off,1986,https://boxd.it/1YPY
2023-05-15,The Hateful Eight,2015,https://boxd.it/8gw8
2023-05-15,The Interview,2014,https://boxd.it/6KQ4
2023-05-15,Big Time Adolescence,2019,https://boxd.it/jFke
2023-05-15,Here Comes the Boom,2012,https://boxd.it/37pM
2023-05-15,Wrath of Man,2021,https://boxd.it/nEia
2023-05-15,The Founder,2016,https://boxd.it/9XwM
2023-05-15,Creed III,2023,https://boxd.it/pf68
2023-05-15,Creed II,2018,https://boxd.it/hgl8
2023-05-15,The Terminal,2004,https://boxd.it/2a2O
2023-05-15,Fractured,2019,https://boxd.it/kPL2
2023-05-15,Adventureland,2009,https://boxd.it/1JTQ
2023-05-15,Meet the Robinsons,2007,https://boxd.it/28Ym
2023-05-15,Malignant,2021,https://boxd.it/mViE
2023-05-15,Killing Them Softly,2012,https://boxd.it/IQ
2023-05-15,Seven Pounds,2008,https://boxd.it/1U8w
2023-05-15,Bleed for This,2016,https://boxd.it/aYi4
2023-05-15,Sinister,2012,https://boxd.it/2TnW
2023-05-15,War Dogs,2016,https://boxd.it/9SlO
2023-05-15,21 Jump Street,2012,https://boxd.it/J0
2023-05-15,King Richard,2021,https://boxd.it/mJZ2
2023-05-15,The Polar Express,2004,https://boxd.it/23am
2023-05-15,Law Abiding Citizen,2009,https://boxd.it/1A2I
2023-05-15,Foxcatcher,2014,https://boxd.it/35Di
2023-05-15,The Karate Kid,2010,https://boxd.it/15HA
2023-05-15,The Amazing Spider-Man 2,2014,https://boxd.it/3utM
2023-05-15,American Underdog,2021,https://boxd.it/p4Rs
2023-05-15,Real Steel,2011,https://boxd.it/147m
2023-05-15,The Day After Tomorrow,2004,https://boxd.it/2aog
2023-05-15,Invincible,2006,https://boxd.it/1Tkm
2023-05-15,Pitch Perfect,2012,https://boxd.it/3OsE
2023-05-15,Justice League,2017,https://boxd.it/4w68
2023-05-15,Suicide Squad,2016,https://boxd.it/9row
2023-05-15,The Suicide Squad,2021,https://boxd.it/fw6O
2023-05-15,Shutter Island,2010,https://boxd.it/1U82
2023-05-15,Nightcrawler,2014,https://boxd.it/780m
2023-05-15,12 Angry Men,1957,https://boxd.it/2auI
2023-05-15,Iron Man 2,2010,https://boxd.it/1WZM
2023-05-15,Shooter,2007,https://boxd.it/20TS
2023-05-15,Are We Done Yet?,2007,https://boxd.it/1WUi
2023-05-15,Thor,2011,https://boxd.it/1WQU
2023-05-15,Captain America: The First Avenger,2011,https://boxd.it/28b0
2023-05-15,The Avengers,2012,https://boxd.it/1xFW
2023-05-15,Iron Man 3,2013,https://boxd.it/2cBQ
2023-05-15,Batman,1989,https://boxd.it/2aIU
2023-05-15,"I, Tonya",2017,https://boxd.it/dzR0
2023-05-15,Titanic,1997,https://boxd.it/2a2k
2023-05-15,Donnie Darko,2001,https://boxd.it/2b2A
2023-05-15,The Big Short,2015,https://boxd.it/ajZw
2023-05-15,Deadpool,2016,https://boxd.it/9fOC
2023-05-15,Ocean's Eleven,2001,https://boxd.it/2aZm
2023-05-15,Twister,1996,https://boxd.it/29S0
2023-05-15,Nobody,2021,https://boxd.it/mLqS
2023-05-15,Rango,2011,https://boxd.it/QPk
2023-05-15,Good Will Hunting,1997,https://boxd.it/2ahY
2023-05-15,Se7en,1995,https://boxd.it/29zs
2023-05-15,The Departed,2006,https://boxd.it/28MA
2023-05-15,The Break-Up,2006,https://boxd.it/1XRk
2023-05-15,The Edge of Seventeen,2016,https://boxd.it/d5nu
2023-05-15,The Fighter,2010,https://boxd.it/PP4
2023-05-15,The Accountant,2016,https://boxd.it/9EhI
2023-05-15,Vice,2018,https://boxd.it/fcFY
2023-05-15,Elvis,2022,https://boxd.it/mK4w
2023-05-15,The Butler,2013,https://boxd.it/4iti
2023-05-15,"Monsters, Inc.",2001,https://boxd.it/2a46
2023-05-15,Cars,2006,https://boxd.it/29ho
2023-05-15,The Incredibles,2004,https://boxd.it/1XLm
2023-05-15,Ratatouille,2007,https://boxd.it/27ww
2023-05-15,No Country for Old Men,2007,https://boxd.it/21ew
2023-05-15,Memento,2000,https://boxd.it/2bcK
2023-05-15,The Spectacular Now,2013,https://boxd.it/4VSG
2023-05-15,RRR,2022,https://boxd.it/ljDs
2023-05-15,Transformers,2007,https://boxd.it/280c
2023-05-15,Rise of the Planet of the Apes,2011,https://boxd.it/cS4
2023-05-15,Dawn of the Planet of the Apes,2014,https://boxd.it/3XyQ
2023-05-15,Kill Bill: Vol. 1,2003,https://boxd.it/70w
2023-05-15,Kill Bill: Vol. 2,2004,https://boxd.it/2au4
2023-05-15,Training Day,2001,https://boxd.it/27A4
2023-05-15,Nope,2022,https://boxd.it/sDCe
2023-05-15,War for the Planet of the Apes,2017,https://boxd.it/8FE2
2023-05-15,Eternal Sunshine of the Spotless Mind,2004,https://boxd.it/6YK
2023-05-15,The Sixth Sense,1999,https://boxd.it/29Js
2023-05-15,Wild Hogs,2007,https://boxd.it/1Uok
2023-05-15,The Perks of Being a Wallflower,2012,https://boxd.it/2ZA8
2023-05-15,Blade Runner,1982,https://boxd.it/2bcA
2023-05-15,Parasite,2019,https://boxd.it/hTha
2023-05-15,Memories of Murder,2003,https://boxd.it/1TSo
2023-05-15,The Longest Yard,2005,https://boxd.it/1Z3c
2023-05-15,Spider-Man,2002,https://boxd.it/2a8i
2023-05-15,Spider-Man 2,2004,https://boxd.it/2a88
2023-05-15,Spider-Man 3,2007,https://boxd.it/2a7Y
2023-05-15,The Silence of the Lambs,1991,https://boxd.it/2aHW
2023-05-15,The Prestige,2006,https://boxd.it/293w
2023-05-15,Ice Age,2002,https://boxd.it/2apS
2023-05-15,Don't Worry Darling,2022,https://boxd.it/mViu
2023-05-15,Fury,2014,https://boxd.it/6JwC
2023-05-15,Captain Phillips,2013,https://boxd.it/3GPK
2023-05-15,Gone Girl,2014,https://boxd.it/6hQu
2023-05-15,Split,2016,https://boxd.it/dgSy
2023-05-15,How the Grinch Stole Christmas,2000,https://boxd.it/1ZHQ
2023-05-15,Zoolander,2001,https://boxd.it/1YMA
2023-05-15,The Grand Budapest Hotel,2014,https://boxd.it/3ZqO
2023-05-15,Elf,2003,https://boxd.it/1VyK
2023-05-15,Teenage Mutant Ninja Turtles,2014,https://boxd.it/3oAs
2023-05-15,Blade Runner 2049,2017,https://boxd.it/b8wK
2023-05-15,Southpaw,2015,https://boxd.it/9Phu
2023-05-15,Kung Fu Panda,2008,https://boxd.it/1Yws
2023-05-15,Hot Summer Nights,2017,https://boxd.it/bFIE
2023-05-15,Lone Survivor,2013,https://boxd.it/5Qj4
2023-05-15,Bullet Train,2022,https://boxd.it/qW26
2023-05-15,Man of Steel,2013,https://boxd.it/FRk
2023-05-15,La La Land,2016,https://boxd.it/a5fa
2023-05-15,2001: A Space Odyssey,1968,https://boxd.it/2bf0
2023-05-15,The Curious Case of Benjamin Button,2008,https://boxd.it/23Fk
2023-05-15,Tenet,2020,https://boxd.it/leq4
2023-05-15,Braveheart,1995,https://boxd.it/2aTI
2023-05-15,School of Rock,2003,https://boxd.it/28xK
2023-05-15,1917,2019,https://boxd.it/jj4y
2023-05-15,Hereditary,2018,https://boxd.it/hNVe
2023-05-15,The Hunger Games,2012,https://boxd.it/2uds
2023-05-15,The Hunger Games: Catching Fire,2013,https://boxd.it/3sAw
2023-05-15,The Hunger Games: Mockingjay – Part 1,2014,https://boxd.it/4hka
2023-05-15,Warrior,2011,https://boxd.it/i3G
2023-05-15,The Man in the Iron Mask,1998,https://boxd.it/1YZO
2023-05-15,Napoleon Dynamite,2004,https://boxd.it/20wu
2023-05-15,The French Dispatch,2021,https://boxd.it/jLP8
2023-05-15,John Wick,2014,https://boxd.it/7dEc
2023-05-15,Harry Potter and the Philosopher's Stone,2001,https://boxd.it/29QS
2023-05-15,Harry Potter and the Chamber of Secrets,2002,https://boxd.it/29QI
2023-05-15,Harry Potter and the Prisoner of Azkaban,2004,https://boxd.it/29Qy
2023-05-15,Harry Potter and the Goblet of Fire,2005,https://boxd.it/29Qo
2023-05-15,Harry Potter and the Order of the Phoenix,2007,https://boxd.it/29Qe
2023-05-15,Harry Potter and the Deathly Hallows: Part 1,2010,https://boxd.it/1RYu
2023-05-15,Harry Potter and the Deathly Hallows: Part 2,2011,https://boxd.it/1RYk
2023-05-15,Harry Potter and the Half-Blood Prince,2009,https://boxd.it/29FU
2023-05-15,Shrek,2001,https://boxd.it/29zi
2023-05-15,Shrek 2,2004,https://boxd.it/29z8
2023-05-15,Shrek the Third,2007,https://boxd.it/29yY
2023-05-15,Reservoir Dogs,1992,https://boxd.it/2agc
2023-05-15,300,2006,https://boxd.it/28XI
2023-05-15,Meet Joe Black,1998,https://boxd.it/2aEI
2023-05-15,Avatar,2009,https://boxd.it/1Efm
2023-05-15,50/50,2011,https://boxd.it/10Tw
2023-05-15,The Banshees of Inisherin,2022,https://boxd.it/p7XS
2023-05-15,Chronicle,2012,https://boxd.it/2Emk
2023-05-15,Race,2016,https://boxd.it/awuc
2023-05-15,Long Shot,2019,https://boxd.it/grG0
2023-05-15,Before Sunrise,1995,https://boxd.it/2bcU
2023-05-15,Champions,2023,https://boxd.it/zbna
2023-05-15,Before Sunset,2004,https://boxd.it/2bcg
2023-05-15,Before Midnight,2013,https://boxd.it/4ive
2023-05-15,John Wick: Chapter 2,2017,https://boxd.it/ayGu
2023-05-15,John Wick: Chapter 3 – Parabellum,2019,https://boxd.it/gmFw
2023-05-15,John Wick: Chapter 4,2023,https://boxd.it/mh48
2023-05-15,Toy Story,1995,https://boxd.it/29qA
2023-05-15,Toy Story 2,1999,https://boxd.it/29qq
2023-05-15,Murder Mystery,2019,https://boxd.it/iEBm
2023-05-15,The Harder They Fall,2021,https://boxd.it/mRCU
2023-05-15,Oldboy,2003,https://boxd.it/29R2
2023-05-15,The Fabelmans,2022,https://boxd.it/ugoM
2023-05-16,There Will Be Blood,2007,https://boxd.it/20Z2
2023-05-16,Arrival,2016,https://boxd.it/aNGk
2023-05-18,Palm Springs,2020,https://boxd.it/lCXQ
2023-05-19,Minari,2020,https://boxd.it/mL9M
2023-05-21,Air,2023,https://boxd.it/Arlc
2023-05-21,Cars 2,2011,https://boxd.it/H4Y
2023-05-26,The Prince of Egypt,1998,https://boxd.it/1XGQ
2023-05-26,The Lego Batman Movie,2017,https://boxd.it/azp0
2023-05-26,Batman: Mask of the Phantasm,1993,https://boxd.it/1N6S
2023-05-26,"Batman: The Dark Knight Returns, Part 1",2012,https://boxd.it/43Is
2023-05-26,About Time,2013,https://boxd.it/43bI
2023-05-27,Midnight in Paris,2011,https://boxd.it/i4a
2023-05-28,Cinema Paradiso,1988,https://boxd.it/1UlA
2023-05-29,Guardians of the Galaxy Vol. 3,2023,https://boxd.it/fVNI
2023-05-30,10 Things I Hate About You,1999,https://boxd.it/23AO
2023-05-30,Snowden,2016,https://boxd.it/9CWO
2023-05-31,mid90s,2018,https://boxd.it/fxIa
2023-05-31,The Big Sick,2017,https://boxd.it/eHvy
2023-05-31,The Secret Life of Walter Mitty,2013,https://boxd.it/3SWy
2023-05-31,Chungking Express,1994,https://boxd.it/1UDa
2023-06-01,Boyhood,2014,https://boxd.it/3178
2023-06-02,Spider-Man: Across the Spider-Verse,2023,https://boxd.it/kSz4
2023-06-04,Captain America: The Winter Soldier,2014,https://boxd.it/3r58
2023-06-04,Guardians of the Galaxy,2014,https://boxd.it/3VH2
2023-06-04,Avengers: Age of Ultron,2015,https://boxd.it/3qi6
2023-06-05,Ant-Man,2015,https://boxd.it/3vmW
2023-06-05,Captain America: Civil War,2016,https://boxd.it/89Ja
2023-06-06,Spider-Man: Homecoming,2017,https://boxd.it/aboM
2023-06-09,Guardians of the Galaxy Vol. 2,2017,https://boxd.it/8MxC
2023-06-12,Thor: Ragnarok,2017,https://boxd.it/8MHi
2023-06-12,Amélie,2001,https://boxd.it/2aUc
2023-06-13,Super Troopers,2001,https://boxd.it/12Rs
2023-06-13,Zombieland,2009,https://boxd.it/1En6
2023-06-14,Transformers: Rise of the Beasts,2023,https://boxd.it/oQTa
2023-06-14,Black Panther,2018,https://boxd.it/8MHs
2023-06-14,Avengers: Infinity War,2018,https://boxd.it/9vEe
2023-06-15,Avengers: Endgame,2019,https://boxd.it/9vE4
2023-06-16,The Darjeeling Limited,2007,https://boxd.it/24as
2023-06-16,Good Time,2017,https://boxd.it/fcFu
2023-06-18,The Girl with the Dragon Tattoo,2011,https://boxd.it/2Pa
2023-06-18,Sicario,2015,https://boxd.it/8i7u
2023-06-18,Call Me by Your Name,2017,https://boxd.it/dYmm
2023-06-19,Toy Story 3,2010,https://boxd.it/1WRe
2023-06-20,The Flash,2023,https://boxd.it/9twC
2023-06-22,Game Night,2018,https://boxd.it/fRtu
2023-06-23,Tropic Thunder,2008,https://boxd.it/20WM
2023-06-23,First Man,2018,https://boxd.it/cPym
2023-06-25,Get Out,2017,https://boxd.it/eOCm
2023-06-26,E.T. the Extra-Terrestrial,1982,https://boxd.it/2a1G
2023-06-27,Beautiful Boy,2018,https://boxd.it/g76Q
2023-06-28,Asteroid City,2023,https://boxd.it/s3ds
2023-07-01,Shiva Baby,2020,https://boxd.it/oIv0
2023-07-05,Lady Bird,2017,https://boxd.it/dGNE
2023-07-11,Finding Nemo,2003,https://boxd.it/72i
2023-07-12,GoodFellas,1990,https://boxd.it/29FA
2023-07-15,Super 8,2011,https://boxd.it/dVI
2023-07-17,"Crazy, Stupid, Love.",2011,https://boxd.it/D9A
2023-07-18,Sorry to Bother You,2018,https://boxd.it/f21E
2023-07-19,Looper,2012,https://boxd.it/ham
2023-07-21,Oppenheimer,2023,https://boxd.it/wUow
2023-07-22,Jurassic Park,1993,https://boxd.it/2aA2
2023-07-22,Aftersun,2022,https://boxd.it/Arw0
2023-07-23,The Lost World: Jurassic Park,1997,https://boxd.it/2azS
2023-07-23,Jurassic World,2015,https://boxd.it/4n0g
2023-07-25,The Boy in the Striped Pyjamas,2008,https://boxd.it/1NOK
2023-07-26,Tetris,2023,https://boxd.it/rePK
2023-07-28,Singin' in the Rain,1952,https://boxd.it/29oY
2023-07-30,Lars and the Real Girl,2007,https://boxd.it/21tG
2023-08-07,Full Metal Jacket,1987,https://boxd.it/2a1Q
2023-08-09,WALL·E,2008,https://boxd.it/1VEo
2023-08-12,Red Eye,2005,https://boxd.it/1TNy
2023-08-18,Soul,2020,https://boxd.it/ioLA
2023-08-19,Sound of Metal,2019,https://boxd.it/i7Q4
2023-08-19,Knock at the Cabin,2023,https://boxd.it/npL2
2023-08-19,Juno,2007,https://boxd.it/210a
2023-08-21,The Game,1997,https://boxd.it/26vC
2023-08-23,Heat,1995,https://boxd.it/2bg8
2023-08-25,Following,1998,https://boxd.it/1Tj4
2023-08-28,Saving Private Ryan,1998,https://boxd.it/29ro
2023-08-29,A Clockwork Orange,1971,https://boxd.it/2aVE
2023-09-06,Casablanca,1942,https://boxd.it/2aG0
2023-09-12,Shane Gillis: Beautiful Dogs,2023,https://boxd.it/Ijri
2023-09-15,A Bronx Tale,1993,https://boxd.it/28uQ
2023-09-15,No Hard Feelings,2023,https://boxd.it/xouu
2023-09-16,Horrible Bosses,2011,https://boxd.it/Ba2
2023-09-17,Amadeus,1984,https://boxd.it/2aH8
2023-09-19,Thief,1981,https://boxd.it/1TEc
2023-09-20,Psycho,1960,https://boxd.it/2ab2
2023-09-20,Past Lives,2023,https://boxd.it/oNB8
2023-09-22,Children of Men,2006,https://boxd.it/1Y2i
2023-09-24,The Killing,1956,https://boxd.it/2aMi
2023-09-24,Enemy,2013,https://boxd.it/5xtO
2023-09-25,The Passion of Joan of Arc,1928,https://boxd.it/29DO
2023-09-29,Gangs of New York,2002,https://boxd.it/25FG
2023-09-30,Blue Velvet,1986,https://boxd.it/29BI
2023-10-04,Snowpiercer,2013,https://boxd.it/3Icg
2023-10-04,Vertigo,1958,https://boxd.it/2apI
2023-10-09,The Matrix,1999,https://boxd.it/2a1m
2023-10-11,Moon,2009,https://boxd.it/1IGQ
2023-10-11,Drive,2011,https://boxd.it/IG
2023-10-12,The Usual Suspects,1995,https://boxd.it/29XE
2023-10-14,Brigsby Bear,2017,https://boxd.it/ebkS
2023-10-14,The Creator,2023,https://boxd.it/oXWq
2023-10-14,Inside Man,2006,https://boxd.it/2auS
2023-10-15,The Dante Quartet,1987,https://boxd.it/48S8
2023-10-15,BlacKkKlansman,2018,https://boxd.it/hxL8
2023-10-16,Rashomon,1950,https://boxd.it/2a9K
2023-10-16,Lady Macbeth,2016,https://boxd.it/erJk
2023-10-19,Taxi Driver,1976,https://boxd.it/2b8y
2023-10-19,First Reformed,2017,https://boxd.it/go9C
2023-10-20,How Did They Ever Make a Movie of Facebook?,2011,https://boxd.it/4R72
2023-10-21,Barbie,2023,https://boxd.it/bCLK
2023-10-21,Killers of the Flower Moon,2023,https://boxd.it/gHp0
2023-10-26,Halloween,1978,https://boxd.it/2wRu
2023-10-27,The Shining,1980,https://boxd.it/29Nu
2023-10-28,The Art of Self-Defense,2019,https://boxd.it/hf5y
2023-10-29,Le Samouraï,1967,https://boxd.it/22ZI
2023-10-30,The Killer,2023,https://boxd.it/u6WE
2023-10-31,Alien,1979,https://boxd.it/2awY
2023-11-03,No Exit,2022,https://boxd.it/vqvK
2023-11-06,A Knight's Tale,2001,https://boxd.it/1YAk
2023-11-08,Lost in Translation,2003,https://boxd.it/2b0E
2023-11-08,Theater Camp,2023,https://boxd.it/Bfbm
2023-11-10,Anatomy of a Fall,2023,https://boxd.it/yuDE
2023-11-11,Her,2013,https://boxd.it/4O24
2023-11-11,When Harry Met Sally...,1989,https://boxd.it/29W2
2023-11-12,Chernobyl,2019,https://boxd.it/mkbG
2023-11-12,Toy Story 4,2019,https://boxd.it/9ALu
2023-11-13,12 Years a Slave,2013,https://boxd.it/2D2e
2023-11-15,The Beguiled,2017,https://boxd.it/dZ1k
2023-11-16,From the Ashes,2017,https://boxd.it/gcqQ
2023-11-17,Being John Malkovich,1999,https://boxd.it/2ahu
2023-11-18,Cure,1997,https://boxd.it/1blA
2023-11-19,BS High,2023,https://boxd.it/EvTK
2023-11-19,Train to Busan,2016,https://boxd.it/dSQU
2023-11-19,Rye Lane,2023,https://boxd.it/DIyy
2023-11-22,Napoleon,2023,https://boxd.it/shJM
2023-11-23,Hell or High Water,2016,https://boxd.it/bfGM
2023-11-24,Star Wars,1977,https://boxd.it/72s
2023-11-25,The Empire Strikes Back,1980,https://boxd.it/27Vw
2023-11-27,La Haine,1995,https://boxd.it/2as8
2023-11-28,DAHMER - Monster: The Jeffrey Dahmer Story,2022,https://boxd.it/CRG0
2023-11-29,Pokémon Detective Pikachu,2019,https://boxd.it/fVA0
2023-11-29,Your Name.,2016,https://boxd.it/cUqs
2023-12-01,Burning,2018,https://boxd.it/hHUa
2023-12-01,I Want to Eat Your Pancreas,2018,https://boxd.it/ie6C
2023-12-02,Decision to Leave,2022,https://boxd.it/qp9e
2023-12-02,Phantom Thread,2017,https://boxd.it/e4uc
2023-12-02,A Silent Voice: The Movie,2016,https://boxd.it/d99c
2023-12-03,Princess Mononoke,1997,https://boxd.it/2b4w
2023-12-04,My Neighbor Totoro,1988,https://boxd.it/20eA
2023-12-04,Grave of the Fireflies,1988,https://boxd.it/1RUM
2023-12-06,May December,2023,https://boxd.it/vEE2
2023-12-06,Death Note,2006,https://boxd.it/psEs
2023-12-08,Jiro Dreams of Sushi,2011,https://boxd.it/2ONU
2023-12-11,Godzilla,1954,https://boxd.it/28kc
2023-12-13,The Butterfly Effect,2004,https://boxd.it/27M0
2023-12-14,Leave the World Behind,2023,https://boxd.it/re0i
2023-12-15,Godzilla Minus One,2023,https://boxd.it/zu4c
2023-12-15,Wonka,2023,https://boxd.it/tCQm
2023-12-24,The Iron Claw,2023,https://boxd.it/w5Pm
2023-12-25,Saltburn,2023,https://boxd.it/z4eg
2023-12-25,Just Friends,2005,https://boxd.it/1XfA
2023-12-26,The Big Lebowski,1998,https://boxd.it/2b6C
2023-12-26,Blood Simple,1984,https://boxd.it/1U16
2024-01-02,Good Boys,2019,https://boxd.it/iW1G
2024-01-02,Point Break,1991,https://boxd.it/2958
2024-01-03,Bad Boys,1995,https://boxd.it/1XVG
2024-01-05,The Holdovers,2023,https://boxd.it/vHza
2024-01-06,Robin Williams: Live on Broadway,2002,https://boxd.it/1DSC
2024-01-06,The Town,2010,https://boxd.it/1zyS
2024-01-07,Burn After Reading,2008,https://boxd.it/23BW
2024-01-08,Ferrari,2023,https://boxd.it/cEtq
2024-01-09,He Got Game,1998,https://boxd.it/1YBs
2024-01-13,The Godfather,1972,https://boxd.it/2aNK
2024-01-20,A Time to Kill,1996,https://boxd.it/28pc
2024-01-25,Bottoms,2023,https://boxd.it/uGf2
2024-01-25,Black Swan,2010,https://boxd.it/Sw0
2024-01-26,In Bruges,2008,https://boxd.it/20n8
2024-01-27,Society of the Snow,2023,https://boxd.it/y9aw
2024-01-27,Moonlight,2016,https://boxd.it/d6bE
2024-01-28,Hacksaw Ridge,2016,https://boxd.it/azew
2024-01-30,Scott Pilgrim vs. the World,2010,https://boxd.it/1Aq6
2024-01-31,The Cutting Edge: The Magic of Movie Editing,2004,https://boxd.it/SbG
2024-01-31,Pain & Gain,2013,https://boxd.it/4lp4
2024-02-01,Blow Out,1981,https://boxd.it/1TlE
2024-02-02,Richard Jewell,2019,https://boxd.it/99Mg
2024-02-03,The Strange Thing About the Johnsons,2011,https://boxd.it/56nO
2024-02-04,Mad Max: Fury Road,2015,https://boxd.it/2DjO
2024-02-05,The Menu,2022,https://boxd.it/lScm
2024-02-07,Kung Fu Panda 2,2011,https://boxd.it/G36
2024-02-07,Frankenstein,1931,https://boxd.it/25Te
2024-02-08,Old School,2003,https://boxd.it/1TmM
2024-02-09,The Breakfast Club,1985,https://boxd.it/27q4
2024-02-13,City of God,2002,https://boxd.it/2a2a
2024-02-16,Incendies,2010,https://boxd.it/Msm
2024-02-17,Perfect Blue,1997,https://boxd.it/1W7A
2024-02-20,Everything Everywhere All at Once,2022,https://boxd.it/jUk4
2024-02-22,The Wrestler,2008,https://boxd.it/1So8
2024-02-25,Battle Royale,2000,https://boxd.it/25zS
2024-02-25,The Fall,2019,https://boxd.it/nRTy
2024-02-25,Under the Skin,2013,https://boxd.it/3mDa
2024-02-26,The Zone of Interest,2023,https://boxd.it/gJsA
2024-02-27,Ex Machina,2015,https://boxd.it/7T2k
2024-03-01,Dune: Part Two,2024,https://boxd.it/pUfA
2024-03-02,Little Women,2019,https://boxd.it/aSVk
2024-03-03,Dune,1984,https://boxd.it/29tY
2024-03-08,Midsommar,2019,https://boxd.it/jhxe
2024-03-12,Bones and All,2022,https://boxd.it/tLd4
2024-03-14,End of Watch,2012,https://boxd.it/2F5O
2024-03-20,Return of the Jedi,1983,https://boxd.it/27Vm
2024-03-22,Scream,1996,https://boxd.it/24EC
2024-03-22,The Umbrellas of Cherbourg,1964,https://boxd.it/22fK
2024-03-22,Blue Valentine,2010,https://boxd.it/MxG
2024-03-23,Punch-Drunk Love,2002,https://boxd.it/20E4
2024-03-27,Ricky Stanicky,2024,https://boxd.it/CFjo
2024-03-29,Chinatown,1974,https://boxd.it/29vU
2024-04-01,Sunshine,2007,https://boxd.it/28Xy
2024-04-03,The Green Knight,2021,https://boxd.it/kuy2
2024-04-04,Priscilla,2023,https://boxd.it/Cz3k
2024-04-04,Dazed and Confused,1993,https://boxd.it/1Ylk
2024-04-05,Monkey Man,2024,https://boxd.it/kvsO
2024-04-06,The Player,1992,https://boxd.it/1WlM
2024-04-11,The Virgin Suicides,1999,https://boxd.it/28JG
2024-04-13,The Wonderful Story of Henry Sugar,2023,https://boxd.it/yNyo
2024-04-15,Moneyball,2011,https://boxd.it/glS
2024-04-18,Project Almanac,2015,https://boxd.it/6IP4
2024-04-27,Challengers,2024,https://boxd.it/zld0
2024-05-01,A Quiet Place,2018,https://boxd.it/fVJQ
2024-05-03,Me and Earl and the Dying Girl,2015,https://boxd.it/9SAE
2024-05-04,The 400 Blows,1959,https://boxd.it/2b1C
2024-05-06,3:10 to Yuma,1957,https://boxd.it/1OCU
2024-05-11,Brokeback Mountain,2005,https://boxd.it/2b2q
2024-05-17,The Killing of a Sacred Deer,2017,https://boxd.it/dZ5G
2024-05-18,The Graduate,1967,https://boxd.it/18Im
2024-05-23,Panic Room,2002,https://boxd.it/2490
2024-05-24,Everybody Wants Some!!,2016,https://boxd.it/9mgM
2024-05-25,Malcolm X,1992,https://boxd.it/27WE
2024-05-28,Dope,2015,https://boxd.it/9Tho
2024-05-30,Almost Famous,2000,https://boxd.it/29CQ
2024-05-30,Anyone But You,2023,https://boxd.it/EzA8
2024-05-31,An Expression,1935,https://boxd.it/g1EW
2024-06-03,Kingdom of the Planet of the Apes,2024,https://boxd.it/ohEE
2024-06-10,The Godfather Part II,1974,https://boxd.it/2aNq
2024-06-18,American Gangster,2007,https://boxd.it/23wi
2024-06-18,Inside Out,2015,https://boxd.it/4KHC
2024-06-18,Perfect Days,2023,https://boxd.it/ATh8
2024-06-23,Inside Out 2,2024,https://boxd.it/CFrC
2024-06-25,Hit Man,2023,https://boxd.it/ANB2
2024-06-25,Fallen Angels,1995,https://boxd.it/1UkW
2024-07-03,Old,2021,https://boxd.it/npKI
2024-07-03,Control,2007,https://boxd.it/22IC
2024-07-05,Horizon: An American Saga – Chapter 1,2024,https://boxd.it/z7yy
2024-07-05,Badder Ben: The Final Chapter,2017,https://boxd.it/vAq6
2024-07-06,Godzilla,2014,https://boxd.it/47OE
2024-07-08,Signs,2002,https://boxd.it/26t2
2024-07-08,The Happening,2008,https://boxd.it/200o
2024-07-10,The Village,2004,https://boxd.it/21iS
2024-07-10,The Real Bros of Simi Valley: The Movie,2024,https://boxd.it/Mf48
2024-07-12,Unbreakable,2000,https://boxd.it/1XV2
2024-07-12,Silence,2016,https://boxd.it/2cAo
2024-07-19,Longlegs,2024,https://boxd.it/KzLM
2024-07-20,Twisters,2024,https://boxd.it/qV7a
2024-07-21,In the Mood for Love,2000,https://boxd.it/29tE
2024-07-21,Chime,2024,https://boxd.it/KiS2
2024-07-22,The Fast and the Furious: Tokyo Drift,2006,https://boxd.it/1Yeo
2024-08-02,Trap,2024,https://boxd.it/D4nK
2024-08-08,Paul Blart: Mall Cop,2009,https://boxd.it/1NQw
2024-08-08,The Visit,2015,https://boxd.it/9ssO
2024-08-10,The Boy and the Beast,2015,https://boxd.it/aaRe
2024-08-12,The Gentlemen,2019,https://boxd.it/iYBQ
2024-08-13,Paul Blart: Mall Cop 2,2015,https://boxd.it/7Acq
2024-08-15,Wolf Children,2012,https://boxd.it/3Ipk
2024-08-17,Shoplifters,2018,https://boxd.it/ifY6
2024-08-22,Nosferatu,1922,https://boxd.it/29TM
2024-08-28,Manchester by the Sea,2016,https://boxd.it/b2L0
2024-08-28,Flipped,2010,https://boxd.it/Tb8
2024-08-28,American Beauty,1999,https://boxd.it/71Y
2024-08-29,Disturbia,2007,https://boxd.it/20rk
2024-08-30,Days of Thunder,1990,https://boxd.it/27os
2024-09-05,Serpico,1973,https://boxd.it/1ZjE
2024-09-17,After Life,1998,https://boxd.it/1HMI
2024-09-24,Furiosa: A Mad Max Saga,2024,https://boxd.it/tABk
2024-09-24,First Blood,1982,https://boxd.it/28U0
2024-09-27,Rumble Fish,1983,https://boxd.it/2aOI
2024-09-27,Megalopolis,2024,https://boxd.it/lPBS
2024-10-05,Joker,2019,https://boxd.it/h4cS
2024-10-07,The King of Comedy,1982,https://boxd.it/2aJS
2024-10-07,Joker: Folie à Deux,2024,https://boxd.it/xBoE
2024-10-10,Force Majeure,2014,https://boxd.it/7UcA
2024-10-11,How to Lose a Guy in 10 Days,2003,https://boxd.it/1XwG
2024-10-12,Glass,2019,https://boxd.it/g3uO
2024-10-16,Terrifier 3,2024,https://boxd.it/D8tM
2024-10-19,The Black Dahlia,2006,https://boxd.it/1Y52
2024-10-21,Palo Alto,2013,https://boxd.it/5Nzy
2024-10-22,Spirited Away,2001,https://boxd.it/2b4m
2024-10-22,Interview with the Vampire,1994,https://boxd.it/29XO
2024-10-22,"Hail, Caesar!",2016,https://boxd.it/881G
2024-10-25,Vanilla Sky,2001,https://boxd.it/27TK
2024-10-26,Rear Window,1954,https://boxd.it/2a6Q
2024-10-26,On the Count of Three,2021,https://boxd.it/tbfI
2024-10-29,The Thing,1982,https://boxd.it/294O
2024-10-30,Let It Ride,1989,https://boxd.it/1FFq
2024-10-31,Adaptation.,2002,https://boxd.it/26mA
2024-11-01,Creep,2014,https://boxd.it/7l4c
2024-11-01,Carrie,1976,https://boxd.it/20ZQ
2024-11-01,Election,1999,https://boxd.it/1YEc
2024-11-04,Dìdi (弟弟),2024,https://boxd.it/HQOW
2024-11-04,The Fall Guy,2024,https://boxd.it/s0Bm
2024-11-06,Mystic River,2003,https://boxd.it/2aAG
2024-11-08,Million Dollar Baby,2004,https://boxd.it/2bdI
2024-11-08,Juror #2,2024,https://boxd.it/FRwU
2024-11-09,The Florida Project,2017,https://boxd.it/dMG0
2024-11-10,A Rainy Day in New York,2019,https://boxd.it/h2z6
2024-11-10,My Cousin Vinny,1992,https://boxd.it/1WpO
2024-11-13,Collateral,2004,https://boxd.it/28F0
2024-11-14,The Substance,2024,https://boxd.it/zanS
2024-11-15,Tangerine,2015,https://boxd.it/9QRe
2024-11-16,Wreck-It Ralph,2012,https://boxd.it/2TTS
2024-11-17,I Saw the TV Glow,2024,https://boxd.it/woVe
2024-11-19,Deadpool & Wolverine,2024,https://boxd.it/jq8s
2024-11-19,Little Fish,2020,https://boxd.it/lAFK
2024-11-20,Now You See Me,2013,https://boxd.it/2Bsu
2024-11-22,Love Actually,2003,https://boxd.it/2aeU
2024-11-23,Pride & Prejudice,2005,https://boxd.it/24u8
2024-11-24,Men in Black,1997,https://boxd.it/2a0I
2024-11-24,Akira,1988,https://boxd.it/2b1i
2024-11-25,Scarface,1983,https://boxd.it/2b7g
2024-11-25,Mysterious Skin,2004,https://boxd.it/1UsG
2024-11-26,American Fiction,2023,https://boxd.it/DYHm
2024-11-27,"Synecdoche, New York",2008,https://boxd.it/23zw
2024-11-28,Shadow of the Vampire,2000,https://boxd.it/1Vb2
2024-11-28,The Handmaiden,2016,https://boxd.it/948A
2024-12-01,Kingdom of Heaven,2005,https://boxd.it/28Gs
2024-12-03,The Terminator,1984,https://boxd.it/2aQY
2024-12-03,Gladiator II,2024,https://boxd.it/kqQQ
2024-12-05,Red Rooms,2023,https://boxd.it/ym4c
2024-12-06,Dinner in America,2020,https://boxd.it/oinu
2024-12-06,Breathless,1960,https://boxd.it/2aIK
2024-12-09,Dont Look Back,1967,https://boxd.it/2b3y
2024-12-15,Evil Does Not Exist,2023,https://boxd.it/HJrc
2024-12-16,Forgotten,2017,https://boxd.it/hAJE
2024-12-18,The Host,2006,https://boxd.it/28ZY
2024-12-20,Taste of Cherry,1997,https://boxd.it/1m8W
2024-12-20,Walk the Line,2005,https://boxd.it/2bdS
2024-12-22,"Girl, Interrupted",1999,https://boxd.it/25ds
2024-12-22,Carry-On,2024,https://boxd.it/C0B2
2024-12-25,The Lighthouse,2019,https://boxd.it/icFU
2024-12-25,Anora,2024,https://boxd.it/Egcw
2024-12-26,The Northman,2022,https://boxd.it/nK2s
2024-12-26,Logan,2017,https://boxd.it/7Piy
2024-12-28,Home Alone,1990,https://boxd.it/29Fg
2024-12-28,Nosferatu,2024,https://boxd.it/f5eG
2024-12-29,A Complete Unknown,2024,https://boxd.it/oBYa
2024-12-30,Back to the Future,1985,https://boxd.it/2b8e
2024-12-30,It,2017,https://boxd.it/bC8e
2024-12-30,The Revenant,2015,https://boxd.it/8H5e
2024-12-30,How to Train Your Dragon,2010,https://boxd.it/1WRy
2024-12-30,The Hangover,2009,https://boxd.it/1GjK
2024-12-30,Charlie and the Chocolate Factory,2005,https://boxd.it/2b68
2024-12-30,Raiders of the Lost Ark,1981,https://boxd.it/2bbs
2024-12-30,Big Hero 6,2014,https://boxd.it/5rje
2024-12-30,Frozen,2013,https://boxd.it/3GNa
2024-12-30,Ant-Man and the Wasp,2018,https://boxd.it/cqUW
2024-12-30,Brave,2012,https://boxd.it/bVG
2024-12-30,Rocky,1976,https://boxd.it/28Uk
2024-12-30,The Wizard of Oz,1939,https://boxd.it/29Xu
2024-12-30,Gravity,2013,https://boxd.it/GZY
2024-12-30,Back to the Future Part II,1989,https://boxd.it/2aYI
2024-12-30,Home Alone 2: Lost in New York,1992,https://boxd.it/29F6
2024-12-30,The Parent Trap,1998,https://boxd.it/1XJq
2024-12-30,Finding Dory,2016,https://boxd.it/4aAA
2024-12-30,Despicable Me,2010,https://boxd.it/1DD8
2024-12-30,Monsters University,2013,https://boxd.it/bQm
2024-12-30,Megamind,2010,https://boxd.it/16Sk
2024-12-30,Paddington,2014,https://boxd.it/3RKw
2024-12-30,White Chicks,2004,https://boxd.it/1SpK
2024-12-30,Madagascar,2005,https://boxd.it/29dc
2024-12-30,Hercules,1997,https://boxd.it/1SDW
2024-12-30,World War Z,2013,https://boxd.it/2p2E
2024-12-30,Shazam!,2019,https://boxd.it/8WBu
2024-12-30,Cast Away,2000,https://boxd.it/20i8
2024-12-30,Mission: Impossible,1996,https://boxd.it/29d2
2024-12-30,Kingsman: The Golden Circle,2017,https://boxd.it/buJm
2024-12-30,A Bug's Life,1998,https://boxd.it/1Yyy
2024-12-30,Enola Holmes,2020,https://boxd.it/hX2o
2024-12-30,El Camino: A Breaking Bad Movie,2019,https://boxd.it/kv0q
2024-12-30,Minions: The Rise of Gru,2022,https://boxd.it/fz9w
2024-12-30,Jumanji,1995,https://boxd.it/1ZLI
2024-12-30,I Am Legend,2007,https://boxd.it/21DG
2024-12-30,Back to the Future Part III,1990,https://boxd.it/2aTS
2024-12-30,Hidden Figures,2016,https://boxd.it/dgS4
2024-12-30,22 Jump Street,2014,https://boxd.it/5Fvy
2024-12-30,50 First Dates,2004,https://boxd.it/285c
2024-12-30,The Fast and the Furious,2001,https://boxd.it/1XMu
2024-12-30,Project X,2012,https://boxd.it/neO
2024-12-30,High School Musical,2006,https://boxd.it/1V0y
2024-12-30,Willy Wonka & the Chocolate Factory,1971,https://boxd.it/2aLu
2024-12-30,Grown Ups,2010,https://boxd.it/169a
2024-12-30,This Is the End,2013,https://boxd.it/3GB4
2024-12-30,Jurassic World: Fallen Kingdom,2018,https://boxd.it/bOnU
2024-12-30,Monster House,2006,https://boxd.it/1Z2e
2024-12-30,Cloudy with a Chance of Meatballs,2009,https://boxd.it/1A40
2024-12-30,Bee Movie,2007,https://boxd.it/22Vw
2024-12-30,Despicable Me 2,2013,https://boxd.it/3gg0
2024-12-30,Rain Man,1988,https://boxd.it/2avw
2024-12-30,The SpongeBob SquarePants Movie,2004,https://boxd.it/1SYq
2024-12-30,Click,2006,https://boxd.it/1YVM
2024-12-30,Anchorman: The Legend of Ron Burgundy,2004,https://boxd.it/1ZVo
2024-12-30,Wonder,2017,https://boxd.it/ekeY
2024-12-30,Sing,2016,https://boxd.it/b5EQ
2024-12-30,The Lorax,2012,https://boxd.it/2w9M
2024-12-30,Rio,2011,https://boxd.it/NKc
2024-12-30,Cars 3,2017,https://boxd.it/7IPq
2024-12-30,2 Fast 2 Furious,2003,https://boxd.it/2a4g
2024-12-30,Office Space,1999,https://boxd.it/28Em
2024-12-30,The Blind Side,2009,https://boxd.it/1zWg
2024-12-30,Saw III,2006,https://boxd.it/2aRC
2024-12-30,Pineapple Express,2008,https://boxd.it/1WRS
2024-12-30,Straight Outta Compton,2015,https://boxd.it/8rMc
2024-12-30,Alvin and the Chipmunks,2007,https://boxd.it/21E0
2024-12-30,17 Again,2009,https://boxd.it/1Jnq
2024-12-30,Happy Gilmore,1996,https://boxd.it/1Yey
2024-12-30,The King of Staten Island,2020,https://boxd.it/litG
2024-12-30,Five Feet Apart,2019,https://boxd.it/jaAK
2024-12-30,Transformers: Revenge of the Fallen,2009,https://boxd.it/20gG
2024-12-30,Despicable Me 3,2017,https://boxd.it/azpu
2024-12-30,Meet the Parents,2000,https://boxd.it/28vE
2024-12-30,Big,1988,https://boxd.it/271S
2024-12-30,Flushed Away,2006,https://boxd.it/1Tpm
2024-12-30,Yes Man,2008,https://boxd.it/1WPW
2024-12-30,The Croods,2013,https://boxd.it/FRE
2024-12-30,Grown Ups 2,2013,https://boxd.it/3GAq
2024-12-30,The Equalizer,2014,https://boxd.it/4TUK
2024-12-30,Spy Kids,2001,https://boxd.it/1Xcw
2024-12-30,DodgeBall: A True Underdog Story,2004,https://boxd.it/1YAY
2024-12-30,The Secret Life of Pets,2016,https://boxd.it/aJ5E
2024-12-30,Diary of a Wimpy Kid,2010,https://boxd.it/1fUa
2024-12-30,Holes,2003,https://boxd.it/20mE
2024-12-30,Transformers: Dark of the Moon,2011,https://boxd.it/16aC
2024-12-30,The Cat in the Hat,2003,https://boxd.it/1VSU
2024-12-30,Jackass Forever,2022,https://boxd.it/opUg
2024-12-30,Pixels,2015,https://boxd.it/7BaA
2024-12-30,Madagascar 3: Europe's Most Wanted,2012,https://boxd.it/2NF6
2024-12-30,Fast & Furious Presents: Hobbs & Shaw,2019,https://boxd.it/dnDA
2024-12-30,Monsters vs Aliens,2009,https://boxd.it/1M50
2024-12-30,Diary of a Wimpy Kid: Rodrick Rules,2011,https://boxd.it/gm2
2024-12-30,Talladega Nights: The Ballad of Ricky Bobby,2006,https://boxd.it/1XYq
2024-12-30,65,2023,https://boxd.it/qbus
2024-12-30,Baywatch,2017,https://boxd.it/biG6
2024-12-30,Big Daddy,1999,https://boxd.it/1ZkW
2024-12-30,Just Go with It,2011,https://boxd.it/Doq
2024-12-30,You Don't Mess with the Zohan,2008,https://boxd.it/1VHs
2024-12-30,I Now Pronounce You Chuck & Larry,2007,https://boxd.it/25cE
2024-12-30,The Benchwarmers,2006,https://boxd.it/1Xr2
2024-12-30,The Sandlot,1993,https://boxd.it/1TDy
2024-12-30,Central Intelligence,2016,https://boxd.it/9DFE
2024-12-30,Hitch,2005,https://boxd.it/205o
2024-12-30,Shark Tale,2004,https://boxd.it/1VYe
2024-12-30,Anchorman 2: The Legend Continues,2013,https://boxd.it/3GNk
2024-12-30,Bad Boys II,2003,https://boxd.it/1ZuW
2024-12-30,Hotel Transylvania,2012,https://boxd.it/2DF6
2024-12-30,Barnyard,2006,https://boxd.it/1XyC
2024-12-30,Little Boy,2015,https://boxd.it/7AcA
2024-12-30,Sandy Wexler,2017,https://boxd.it/ePz4
2024-12-30,Horton Hears a Who!,2008,https://boxd.it/1SfA
2024-12-30,Dumb and Dumber,1994,https://boxd.it/206m
2024-12-30,Minions,2015,https://boxd.it/6jCO
2024-12-30,Over the Hedge,2006,https://boxd.it/20QY
2024-12-30,Get Smart,2008,https://boxd.it/1Tig
2024-12-30,"Alexander and the Terrible, Horrible, No Good, Very Bad Day",2014,https://boxd.it/6uQM
2024-12-30,Instant Family,2018,https://boxd.it/hHpQ
2024-12-30,Ted,2012,https://boxd.it/2pgc
2024-12-30,The Other Guys,2010,https://boxd.it/1rtq
2024-12-30,Transformers: The Last Knight,2017,https://boxd.it/b8xo
2024-12-30,Transformers: Age of Extinction,2014,https://boxd.it/3d1m
2024-12-30,Daddy's Home,2015,https://boxd.it/8jSc
2024-12-30,Daddy's Home 2,2017,https://boxd.it/ePpI
2024-12-30,Remember the Titans,2000,https://boxd.it/1VLk
2024-12-30,Flight,2012,https://boxd.it/35Ca
2024-12-30,The Equalizer 2,2018,https://boxd.it/bAEW
2024-12-30,The Book of Eli,2010,https://boxd.it/1Dnu
2024-12-30,John Q,2002,https://boxd.it/205S
2024-12-30,"Roman J. Israel, Esq.",2017,https://boxd.it/ezRc
2024-12-30,Nacho Libre,2006,https://boxd.it/1YTG
2024-12-30,Uncut Gems,2019,https://boxd.it/gXGc
2024-12-30,Hotel Transylvania 2,2015,https://boxd.it/4ZLk
2024-12-30,Bedtime Stories,2008,https://boxd.it/1WPM
2024-12-30,The Waterboy,1998,https://boxd.it/1VHi
2024-12-30,The Cobbler,2014,https://boxd.it/70XA
2024-12-30,The Emoji Movie,2017,https://boxd.it/d9x4
2024-12-30,Friday,1995,https://boxd.it/1VLO
2024-12-30,Are We There Yet?,2005,https://boxd.it/1Tms
2024-12-30,Fist Fight,2017,https://boxd.it/bAIO
2024-12-30,The Adventures of Sharkboy and Lavagirl,2005,https://boxd.it/1Ozm
2024-12-30,Mission: Impossible – Ghost Protocol,2011,https://boxd.it/psI
2024-12-30,Jack Reacher,2012,https://boxd.it/2BUo
2024-12-30,The Lego Movie,2014,https://boxd.it/4pDO
2024-12-30,The Magnificent Seven,2016,https://boxd.it/aZAy
2024-12-30,The Guilty,2021,https://boxd.it/kOPW
2024-12-30,Tiger King,2020,https://boxd.it/pzj2
2024-12-30,Blades of Glory,2007,https://boxd.it/1Xrm
2024-12-30,The Internship,2013,https://boxd.it/3SWS
2024-12-30,Starsky & Hutch,2004,https://boxd.it/1YOQ
2024-12-30,The Campaign,2012,https://boxd.it/2Hz2
2024-12-30,Semi-Pro,2008,https://boxd.it/1Qw0
2024-12-30,Kicking & Screaming,2005,https://boxd.it/1XnE
2024-12-30,Impractical Jokers: The Movie,2020,https://boxd.it/kMLI
2024-12-30,Spy Kids 3-D: Game Over,2003,https://boxd.it/1S7w
2024-12-30,The Expendables,2010,https://boxd.it/1rtA
2024-12-30,The Highwaymen,2019,https://boxd.it/i4ie
2024-12-30,Draft Day,2014,https://boxd.it/61XO
2024-12-30,The Art of Racing in the Rain,2019,https://boxd.it/iYWk
2024-12-30,"McFarland, USA",2015,https://boxd.it/6JCq
2024-12-30,Tin Cup,1996,https://boxd.it/1Waa
2024-12-30,The Passion of the Christ,2004,https://boxd.it/29ZK
2024-12-30,When the Game Stands Tall,2014,https://boxd.it/6QRs
2024-12-30,The Invention of Lying,2009,https://boxd.it/1zGs
2024-12-30,White Boy Rick,2018,https://boxd.it/fAwG
2024-12-30,Spider-Man: Far From Home,2019,https://boxd.it/fegG
2024-12-30,Kingsman: The Secret Service,2014,https://boxd.it/6dxe
2024-12-30,Hitman's Wife's Bodyguard,2021,https://boxd.it/iZdq
2024-12-30,RED,2010,https://boxd.it/13uu
2024-12-30,21 & Over,2013,https://boxd.it/3DOk
2024-12-30,That Awkward Moment,2014,https://boxd.it/6Ftu
2024-12-30,Romeo + Juliet,1996,https://boxd.it/2ama
2024-12-30,Sully,2016,https://boxd.it/cD8Q
2024-12-30,Fantastic Mr. Fox,2009,https://boxd.it/1WyQ
2024-12-30,The Nightmare Before Christmas,1993,https://boxd.it/1YzQ
2024-12-30,The Boy and the Heron,2023,https://boxd.it/ipeM
2024-12-30,The Lion King,1994,https://boxd.it/201Q
2024-12-30,Tangled,2010,https://boxd.it/15gO
2024-12-30,The Emperor's New Groove,2000,https://boxd.it/1Tey
2024-12-30,Night at the Museum,2006,https://boxd.it/28wi
2024-12-30,The Sound of Music,1965,https://boxd.it/1MLK
2024-12-30,Shrek Forever After,2010,https://boxd.it/1WRo
2024-12-30,Space Jam,1996,https://boxd.it/26YO
2024-12-30,Chicken Little,2005,https://boxd.it/1Xnu
2024-12-30,Happy Feet,2006,https://boxd.it/1XH0
2024-12-30,The Grinch,2018,https://boxd.it/chpK
2024-12-30,How the Grinch Stole Christmas!,1966,https://boxd.it/1Qj6
2024-12-30,The BFG,2016,https://boxd.it/81cs
2024-12-30,Mr. Peabody & Sherman,2014,https://boxd.it/2TRM
2024-12-30,We Bought a Zoo,2011,https://boxd.it/2AU8
2024-12-30,Open Season,2006,https://boxd.it/20U2
2024-12-30,Diary of a Wimpy Kid: Dog Days,2012,https://boxd.it/2TG0
2024-12-30,Teenage Mutant Ninja Turtles,1990,https://boxd.it/28FY
2024-12-30,The Game Plan,2007,https://boxd.it/1PDY
2024-12-30,Rudolph the Red-Nosed Reindeer,1964,https://boxd.it/1Qis
2024-12-30,The SpongeBob Movie: Sponge Out of Water,2015,https://boxd.it/6JxU
2024-12-30,A Dog's Purpose,2017,https://boxd.it/dgSI
2024-12-30,Daddy Day Care,2003,https://boxd.it/1VAw
2024-12-30,Good Burger,1997,https://boxd.it/1Nkg
2024-12-30,Tooth Fairy,2010,https://boxd.it/1zKE
2024-12-30,Home on the Range,2004,https://boxd.it/1PB4
2024-12-30,The Mighty Ducks,1992,https://boxd.it/1Wka
2024-12-30,YES DAY,2021,https://boxd.it/nHgc
2024-12-30,Geri's Game,1997,https://boxd.it/1P6U
2024-12-30,Hotel for Dogs,2009,https://boxd.it/1MEa
2024-12-30,Aliens in the Attic,2009,https://boxd.it/1COY
2024-12-30,Mr. Magorium's Wonder Emporium,2007,https://boxd.it/271o
2024-12-31,Romeo and Juliet,1968,https://boxd.it/22cQ
2025-01-01,Contempt,1963,https://boxd.it/2aJe
2025-01-05,Da 5 Bloods,2020,https://boxd.it/lnXw
2025-01-05,Observe and Report,2009,https://boxd.it/1Joe
2025-01-05,Civil War,2024,https://boxd.it/z1jW
2025-01-06,Coherence,2013,https://boxd.it/6xza
2025-01-07,Life As We Know It,2010,https://boxd.it/162S
2025-01-07,National Treasure,2004,https://boxd.it/27x0
2025-01-07,Earth to Echo,2014,https://boxd.it/71uO
2025-01-07,The Short Game,2013,https://boxd.it/5fd4
2025-01-07,Point Blank,2019,https://boxd.it/jkuC
2025-01-07,The Hurricane Heist,2018,https://boxd.it/ff6s
2025-01-07,Gridiron Gang,2006,https://boxd.it/1XRu
2025-01-07,Bad Trip,2021,https://boxd.it/lgRG
2025-01-07,Playing for Keeps,2012,https://boxd.it/2Hmi
2025-01-10,The First Omen,2024,https://boxd.it/fx08
2025-01-10,A Trip to the Moon,1902,https://boxd.it/29EC
2025-01-16,Queer,2024,https://boxd.it/E4RW
2025-01-16,Sunset Boulevard,1950,https://boxd.it/2a20
2025-01-17,Star Wars: Episode I – The Phantom Menace,1999,https://boxd.it/27Vc
2025-01-18,Star Wars: Episode II – Attack of the Clones,2002,https://boxd.it/27V2
2025-01-18,Star Wars: Episode III – Revenge of the Sith,2005,https://boxd.it/27US
2025-01-19,Twilight of the Warriors: Walled In,2024,https://boxd.it/yNla
2025-01-19,A Real Pain,2024,https://boxd.it/CjNG
2025-01-19,30 Minutes or Less,2011,https://boxd.it/bRa
2025-01-21,Funny Games,1997,https://boxd.it/1WKM
2025-01-21,Eraserhead,1977,https://boxd.it/299u
